{"cameraMode":{"drawMode":0,"name":"Shaded","section":"Shading Mode"},"sceneLighting":true,"audioPlay":false,"sceneViewState":{"showFog":true,"showMaterialUpdate":false,"showSkybox":true,"showFlares":true,"showImageEffects":true,"showParticleSystems":true},"in2DMode":false,"pivot":{"x":-0.5703158378601074,"y":1.360529899597168,"z":-0.20709228515625},"rotation":{"x":-0.061510588973760608,"y":0.9074285626411438,"z":-0.14300796389579774,"w":-0.39030593633651736},"size":10.0,"orthographic":false}